{"fun": 0.0016098657672560357, "nit": 5, "nfev": 11, "status": 2, "success": false, "message": "Maximum number of iterations has been exceeded.", "x": [3.983813625919164, 4.957596986333334e+18, 0.00020833333333333335], "final_simplex": [